REGION, INSTITUTION NAME, INSTITUTION TYPE, PROVINCE, MUNICIPALITY/CITY, WEBSITE ADDRESS, FAX/TELEPHONE NO.
13 - Nat. Capital Region,Adamson University,Private,Metro Manila,City of Manila,adamson.edu.ph,02-8524-2011 ; 02-8522-5526
13 - Nat. Capital Region,Air Link International Aviation College,Private,Metro Manila,City of Manila,http://www.aliac.edu.ph,(02) 8851-4428 ; (02) 8854-5419
13 - Nat. Capital Region,Alliance Graduate School,Private,Metro Manila,Quezon City,http://www.ags.edu.ph,02-7091-8482 ;
13 - Nat. Capital Region,AMA Computer College-Makati,Private,Metro Manila,City of Makati,,02-884-32-25 ;
13 - Nat. Capital Region,AMA Computer University,Private,Metro Manila,Quezon City,http://www.amaes.edu.ph,(02) 359-0262 ; (02) 359-0262
13 - Nat. Capital Region,Arellano University-Manila,Private,Metro Manila,City of Manila,http://www.arellano.edu.ph,8734-73-71 to 74 ; 8735-3684 - 8735-3215
13 - Nat. Capital Region,Arellano University-Malabon,Private,Metro Manila,City of Malabon,http://www.arellano.edu.ph,
13 - Nat. Capital Region,Arellano University-Pasay,Private,Metro Manila,Pasay City,arellano.edu.ph,(02) 832-55-25/831-8077 ; (02) 834-7487/822-1204
13 - Nat. Capital Region,Arellano University-Pasig,Private,Metro Manila,City of Pasig,http://www.arellano.edu.ph/,(02) 840416-44 ; (02) 8642-1310
13 - Nat. Capital Region,Asia Pacific College,Private,Metro Manila,City of Makati,http://www.apc.edu.ph,(632) 8529232/8530201 ; (632) 8522648
13 - Nat. Capital Region,Asian Institute for Distance Education,Private,Metro Manila,City of Makati,http://www.aide.edu.ph,(02)82770169 ; (02)88130565
13 - Nat. Capital Region,Asian Institute of Journalism and Communication,Private,Metro Manila,City of Manila,http://www.aijc.com.ph,(02) 8743-4321 ;
13 - Nat. Capital Region,Asian Institute of Management,Private,Metro Manila,City of Makati,http://www.aim.edu,02-88924011 ;
13 - Nat. Capital Region,Asian Institute of Maritime Studies,Private,Metro Manila,Pasay City,http://www.aims.edu.ph,(02) 832-24-67 ; (02) 551-51-57
13 - Nat. Capital Region,Asian Social Institute,Private,Metro Manila,City of Manila,http://www.asinet-online.org,(632) 523-3483 ;
13 - Nat. Capital Region,Asian Theological Seminary,Private,Metro Manila,Quezon City,http://www.ats.ph,(632) 9286717; 9285105; 9230669 ; (632) 9285114
13 - Nat. Capital Region,Assumption College,Private,Metro Manila,City of Makati,http://www.assumption.edu.ph,(02) 817-0757 ; (02) 893-0427
13 - Nat. Capital Region,Ateneo de Manila University-Quezon City,Private,Metro Manila,Quezon City,http://www.ateneo.edu,(632) 8426 6001 ; (632) 8426-6079
13 - Nat. Capital Region,Ateneo De Manila University School of Medicine and Public Health,Private,Metro Manila,City of Pasig,http://www.ateneo.edu/aps/asmph,63300000000 ; 63300000000
13 - Nat. Capital Region,Ateneo de Manila University Graduate School of Business,Private,Metro Manila,City of Makati,http://www.ateneo.edu,(02)88997691 ; (02)88995548
13 - Nat. Capital Region,Bernardo College,Private,Metro Manila,City of Las Piñas,bernardocollege.edu.ph,(02) 8872-6204 or 8873-3330 ; (02) 8872-1129
13 - Nat. Capital Region,Biblical Seminary of the Philippines,Private,Metro Manila,City of Valenzuela,http://www.bsop.edu.ph,632-8292-6795; 8292-6798 ; 632-8292-6675
13 - Nat. Capital Region,CAP College Foundation,Private,Metro Manila,City of Makati,http://www.capcollege.com.ph,(632) 8812-6923 ; (623) 7759-2155
13 - Nat. Capital Region,University of Asia and the Pacific,Private,Metro Manila,City of Pasig,http://www.uap.asia,(02) 637-0912 loc 226 322 406 ; (02) 631-2174
13 - Nat. Capital Region,Central Colleges of the Philippines,Private,Metro Manila,Quezon City,http://www.ccp.edu.ph,027155770 loc. 110 to 147 ; 027138454 / 027150846
13 - Nat. Capital Region,Centro Escolar University-Manila,Private,Metro Manila,City of Manila,http://www.ceu.edu.ph,(02) 8735-68-61 to 69 ; (02) 8735-59-91
13 - Nat. Capital Region,Chiang Kai Shek College,Private,Metro Manila,City of Manila,http://www.college.cksc.edu.ph,(02) 7777-2572 ;
13 - Nat. Capital Region,Chinese General Hospital Colleges,Private,Metro Manila,City of Manila,http://www.cghc.edu.ph,(02) 8711-0075 (02) 8711-4141 Local 601 (02) 8743-8941 ; (02) 8711-0075
13 - Nat. Capital Region,Saint Anthony Mary Claret College,Private,Metro Manila,Quezon City,http://www.icla.org.ph,(02)8932-0343 - 44 (02) 8997-0593 ; (02)8932-0346
13 - Nat. Capital Region,Colegio de San Juan de Letran,Private,Metro Manila,City of Manila,https://letran.edu.ph,02-85277693 to 97 ; 02-82514179
13 - Nat. Capital Region,Concordia College,Private,Metro Manila,City of Manila,http://www.laconcordia.edu.ph,(02) 8518-2397/98 ; (02) 8563-4352
13 - Nat. Capital Region,De La Salle University-Manila,Private,Metro Manila,City of Manila,http://www.dlsu.edu.ph,(632) 85244611 ; (632) 8521-9094 (632) 8523-4152
13 - Nat. Capital Region,De Ocampo Memorial College,Private,Metro Manila,City of Manila,deocampomemorialcollege.ph,02-7156445 ;
13 - Nat. Capital Region,Divine Word Mission Seminary,Private,Metro Manila,Quezon City,https://sites.google.com/dwms.ph.education/dwms/home,(02)726-50-02 ; (02)726-50-02
13 - Nat. Capital Region,De La Salle-College of Saint Benilde,Private,Metro Manila,City of Manila,http://www.benilde.edu.ph/,(02) 8230-5100 ;
13 - Nat. Capital Region,Dominican College,Private,Metro Manila,City of San Juan,http://www.dominican.edu.ph,(02) 8724-5406 TO 08 ; (02) 8952-4770
13 - Nat. Capital Region,Don Bosco Technical College,Private,Metro Manila,City of Mandaluyong,dbmanda.one-bosco.org,(02) 8531-8081 ;
13 - Nat. Capital Region,Dr. Carlos S. Lanting College,Private,Metro Manila,Quezon City,https://dclc.edu.ph,(02) 8938-7782 / (02) 88930-5299 ; (02) 8938-7782
13 - Nat. Capital Region,Emilio Aguinaldo College,Private,Metro Manila,City of Manila,http://www.eac.edu.ph,(02) 8521-2710 ;
13 - Nat. Capital Region,"Eulogio ""Amang"" Rodriguez Institute of Science and Technology",SUC,Metro Manila,City of Manila,earist.edu.ph,02-2439437 ; 02-2439437
13 - Nat. Capital Region,Far Eastern University,Private,Metro Manila,City of Manila,http://www.feu.edu.ph,(02) 7777338 ; (02) 7760038
13 - Nat. Capital Region,FEATI University,Private,Metro Manila,City of Manila,http://www.featiu.edu.ph,(+63) 966 463 5882 to 85 ;
13 - Nat. Capital Region,Febias College of Bible,Private,Metro Manila,City of Valenzuela,http://www.febias.edu.ph,02 82918029 ;
13 - Nat. Capital Region,FEU-FERN College,Private,Metro Manila,Quezon City,http://www.feudiliman.edu.ph,(632) 09064076850 ;
13 - Nat. Capital Region,FEU-Dr. Nicanor Reyes Medical Foundation,Private,Metro Manila,Quezon City,http://www.feu-nrmf.ph,(02) 3427-0213 ; (02) 427-5624
13 - Nat. Capital Region,Governor Andres Pascual College,Private,Metro Manila,City of Navotas,,(02) 282-9036 ; (02) 282-9035
13 - Nat. Capital Region,Greenville College,Private,Metro Manila,City of Pasig,greenvillecollege.edu.ph,02- 8682-3712 ;
13 - Nat. Capital Region,De La Salle-Araneta University,Private,Metro Manila,City of Malabon,http://www.dlsau.edu.ph,02 8330-91-28 to 31 ; 361-9054
13 - Nat. Capital Region,Holy Rosary College Foundation,Private,Metro Manila,City of Caloocan,,6620354 ;
13 - Nat. Capital Region,Institute of Community and Family Health,Private,Metro Manila,Quezon City,http://www.icfhi.com,284000000 ; 284000000
13 - Nat. Capital Region,Institute of Formation and Religious Studies,Private,Metro Manila,City of Manila,http://www.ifrs.com.ph,(02) 8724-7173/721-9932 ; (02) 8724-7173 721-9932
13 - Nat. Capital Region,Interface Computer College-Manila,Private,Metro Manila,City of Manila,http://www.interface.edu.ph,(02)736-3912 ;
13 - Nat. Capital Region,International Baptist College,Private,Metro Manila,City of Mandaluyong,ibcs.edu.ph,285000000 ;
13 - Nat. Capital Region,International Graduate School of Leadership,Private,Metro Manila,Quezon City,http://www.igsl.asia,(02) 8 984 - 1210 and 1217 & (02) 7 717-1755 ;
13 - Nat. Capital Region,Jose Rizal University,Private,Metro Manila,City of Mandaluyong,http://www.jru.edu,(632) 5318031 ; (632) 5321418
13 - Nat. Capital Region,University of Caloocan City,LUC,Metro Manila,City of Caloocan,ucc-caloocan.edu.ph,5-310-68-55 ;
13 - Nat. Capital Region,La Consolacion College-Manila,Private,Metro Manila,City of Manila,http://www.lccm.edu.ph,(02) 8736-0235 ; (02) 8736-7602
13 - Nat. Capital Region,La Consolacion College-Caloocan,Private,Metro Manila,City of Caloocan,lccc.edu.ph,(02) 8287-9703 ;
13 - Nat. Capital Region,Lacson College,Private,Metro Manila,Pasay City,registrar@lacsoncollege.edu.ph,02-8251-49-88 AND 02-8241-57-88 ; 02-8251-49-88 AND 02-8241-57-88
13 - Nat. Capital Region,Centro Escolar Las Piñas,Private,Metro Manila,City of Las Piñas,http://www.celp.edu.ph,(02) 88017211-14 ; (02) 88017215
13 - Nat. Capital Region,Regis Marie College,Private,Metro Manila,City of Parañaque,http://www.regismariecollege.com,(02) 8671-0199 ;
13 - Nat. Capital Region,Lyceum of the Philippines University,Private,Metro Manila,City of Manila,http://www.lpu.edu.ph,(02) 5278253-56 ;
13 - Nat. Capital Region,City of Malabon University,LUC,Metro Manila,City of Malabon,https://cityofmalabonuniversity.edu.ph,02-8376-0064 ;
13 - Nat. Capital Region,Manila Central University,Private,Metro Manila,City of Caloocan,http://www.mcu.edu.ph,(02) 8364-1071 to 78 ;
13 - Nat. Capital Region,Manila Tytana Colleges,Private,Metro Manila,Pasay City,http://www.mtc.edu.ph,02 8859-0814 ; 02 8859-0855
13 - Nat. Capital Region,Manila Law College,Private,Metro Manila,,,
13 - Nat. Capital Region,Manila Adventist College,Private,Metro Manila,Pasay City,http://www.mac.edu.ph,(02)85259191 ; (02)85243256
13 - Nat. Capital Region,Manila Theological College,Private,Metro Manila,City of Manila,http://www.mtcslshs.edu.ph,8714-1583 ; 8713-2727
13 - Nat. Capital Region,Manuel L. Quezon University,Private,Metro Manila,Quezon City,http://www.mlqu.ph,(02) 364-02-49 ; (02) 364-02-24
13 - Nat. Capital Region,Mapua University-Manila,Private,Metro Manila,City of Manila,http://www.mapua.edu.ph,(632) 8247-5000 ; (632) 8527-3680
13 - Nat. Capital Region,Mapua University-Makati,Private,Metro Manila,City of Makati,http://www.mapua.edu.ph,(632) 8247-5000 and (632) 8247-5011 ; (632) 8891-0843
13 - Nat. Capital Region,Marikina Polytechnic College,SUC,Metro Manila,City of Marikina,mpc.edu.ph,(02) 8531-8199 ; (02) 8531-8199
13 - Nat. Capital Region,Martinez Memorial College,Private,Metro Manila,City of Caloocan,,2888861 to 63 ;
13 - Nat. Capital Region,Mary Chiles College,Private,Metro Manila,City of Manila,http://www.marychilescollege.edu.ph,(02)8735-5341 loc 281 / 8711-4233 ; (02)8735-5341 loc 209
13 - Nat. Capital Region,CICM Maryhill School of Theology,Private,Metro Manila,Quezon City,,(63) (2) 87212695 ; (63) (2) 87224566
13 - Nat. Capital Region,Metro Business College-Pasay,Private,Metro Manila,Pasay City,,(02) 8887-6031 ;
13 - Nat. Capital Region,Metro Manila College,Private,Metro Manila,Quezon City,,02 418-0084 ; 02 419-1482
13 - Nat. Capital Region,Metropolitan Medical Center College of Arts Science and Technology,Private,Metro Manila,City of Manila,http://www.metro.edu.ph,(02) 253-8769 / (02) 254-1111 loc. 8218 ; (02) 255-2737
13 - Nat. Capital Region,Miriam College,Private,Metro Manila,Quezon City,http://www.mc.edu.ph,(02)8930-6272 ;
13 - Nat. Capital Region,Mother of Life Center,Private,Metro Manila,Quezon City,https://motheroflifecenter.edu.ph/,028-939-3433 ; 028-939-3433
13 - Nat. Capital Region,Pamantasan ng Lungsod ng Muntinlupa,LUC,Metro Manila,City of Muntinlupa,http://www.plmun.edu.ph,02-88933368 ;
13 - Nat. Capital Region,NAMEI Polytechnic Institute,Private,Metro Manila,City of Manila,http://www.sti.edu,8635-5954 ; 8635-5954
13 - Nat. Capital Region,National College of Business and Arts-Cubao,Private,Metro Manila,Quezon City,http://www.ncba.edu.ph,(02)8913-0258 ; (02)8913-8787 loc. 162
13 - Nat. Capital Region,National College of Business and Arts-Fairview,Private,Metro Manila,Quezon City,http://www.registrar.fairview@ncba.edu.ph,(02) 427-02-90/427-02-89 ; (02) 427-02-90
13 - Nat. Capital Region,The National Teachers College,Private,Metro Manila,City of Manila,http://www.ntc.edu.ph,8-734-56-01 to 05 ;
13 - Nat. Capital Region,National University,Private,Metro Manila,City of Manila,http://www.national-u.edu.ph,(02) 8712-1900 ;
13 - Nat. Capital Region,Navotas Polytechnic College,LUC,Metro Manila,City of Navotas,,(02) 8571-63-23 ;
13 - Nat. Capital Region,New Era University,Private,Metro Manila,Quezon City,http://www.neu.edu.ph,(02) 8981-4221 to 4231 ; (02) 8981-4240
13 - Nat. Capital Region,Olivarez College,Private,Metro Manila,City of Parañaque,http://www.olivarezcollege.edu.ph,028290704 OR 028260750 LOCAL 107 ; 02825-8712
13 - Nat. Capital Region,Our Lady of Fatima University-Valenzuela,Private,Metro Manila,City of Valenzuela,http://www.fatima.edu.ph,
13 - Nat. Capital Region,Our Lady of Lourdes College,Private,Metro Manila,City of Valenzuela,http://www.ollc.edu.ph,01-(02) 89220077 ;
13 - Nat. Capital Region,Our Lady of the Angels Seminary,Private,Metro Manila,Quezon City,,02-423- 52-44 ; 936-4083 loc 215
13 - Nat. Capital Region,PACE Graduate School of Christian Education,Private,Metro Manila,Quezon City,http://www.pgsce.wordpress.com,(02) 8398 - 2350 ; (02) 8398 - 2350
13 - Nat. Capital Region,Pamantasan ng Lungsod ng Maynila,LUC,Metro Manila,City of Manila,http://www.plm.edu.ph,(02)8528-4580 ;
13 - Nat. Capital Region,City University of Pasay,LUC,Metro Manila,Pasay City,,28467554 ; 25511342
13 - Nat. Capital Region,University of Makati,LUC,Metro Manila,City of Taguig,http://www.umak.edu.ph,(02) 882-06-75 ; (02) 883-18-67
13 - Nat. Capital Region,Pasig Catholic College,Private,Metro Manila,City of Pasig,http://www.pasigcatholic.edu.ph,(02) 8642-7967 (02) 8642-7481 ; (02) 8641-3134 (02) 8642-7481
13 - Nat. Capital Region,PATTS College of Aeronautics,Private,Metro Manila,City of Parañaque,http://www.patts.edu.ph,632-8258823 ; 632-8258824
13 - Nat. Capital Region,Perpetual Help College of Manila,Private,Metro Manila,City of Manila,sdo.manila@uphsl.edu.ph,(02) 8731-1550 ; (02) 8731-1550
13 - Nat. Capital Region,University of Perpetual Help System Dalta,Private,Metro Manila,City of Las Piñas,http://www.perpetualdalta.edu.ph,(02)88710639 to 46 ; (02)88710639 loc 152
13 - Nat. Capital Region,Philippine Dominican Center of Institutional Studies,Private,Metro Manila,Quezon City,,632-83544494 ; 632-83544611
13 - Nat. Capital Region,Philippine Christian University,Private,Metro Manila,City of Manila,http://www.pcu.edu.ph,(02)85232162 ; (02)85232162
13 - Nat. Capital Region,Philippine College of Criminology,Private,Metro Manila,City of Manila,http://www.pccr.edu.ph,(02) 733-1608 ;
13 - Nat. Capital Region,Philippine College of Health Sciences,Private,Metro Manila,City of Manila,http://www.pchsmanila.edu.ph,8241-6386/8255-5336 ;
13 - Nat. Capital Region,St. Louis College-Valenzuela,Private,Metro Manila,City of Valenzuela,http://www.slcv.edu.ph,(02) 8292-0481 ; (02) 8292-3137
13 - Nat. Capital Region,Philippine Law School,Private,Metro Manila,,,
13 - Nat. Capital Region,Philippine Merchant Marine School-Manila,Private,Metro Manila,City of Manila,pmms-online.com,(+632) 8711-5290-94 ; (+632) 8742-33-75
13 - Nat. Capital Region,Philippine Merchant Marine School-Las Piñas,Private,Metro Manila,City of Las Piñas,http://www.pmms_online.com,(02) 8877-3300 ; (02) 8805-0243
13 - Nat. Capital Region,Philippine Normal University-Main,SUC,Metro Manila,City of Manila,http://www.pnu.edu.ph,(+63 2) 5317 1768 loc. 715-718 ; (+63 2) 5317 1768 loc. 718
13 - Nat. Capital Region,Philippine School of Business Administration-Quezon City,Private,Metro Manila,Quezon City,psba.edu,02-8913-9654 ; 02 913-9659
13 - Nat. Capital Region,Philippine School of Business Administration-Manila,Private,Metro Manila,City of Manila,http://www.psba.edu,02-53104435 ; 02-87351384
13 - Nat. Capital Region,Philippine State College of Aeronautics-Main,SUC,Metro Manila,Pasay City,http://www.philsca.edu.ph/,
13 - Nat. Capital Region,The Philippine Women's University-Manila,Private,Metro Manila,City of Manila,http://www.pwu.edu.ph,(02) 85268421 ; (02) 85266935
13 - Nat. Capital Region,PHILSIN College Foundation,Private,Metro Manila,City of Manila,,8715 00 18 / 8715 22 38 ; 8715 00 18
13 - Nat. Capital Region,PMI Colleges-Manila,Private,Metro Manila,City of Manila,,02-8 242 45 40 ;
13 - Nat. Capital Region,PMI Colleges-Quezon City,Private,Metro Manila,Quezon City,,91700000000 ;
13 - Nat. Capital Region,Polytechnic University of the Philippines,SUC,Metro Manila,City of Manila,http://www.pup.edu.ph,(02) 8716-40-34; 8716-26-44 ; (02) 8716-40-34; 8716-26-44
13 - Nat. Capital Region,Polytechnic University of the Philippines-San Juan Campus,SUC,Metro Manila,City of San Juan,http://www.pup.edu.ph,(02) 632-7738 (02) 724-6322 (02) 497-4459 (02) 579-4792 ;
13 - Nat. Capital Region,Polytechnic University of the Philippines-Parañaque Campus,SUC,Metro Manila,City of Parañaque,http://www.pup.edu.ph,(02) 553-8623 ; (02) 478-6917
13 - Nat. Capital Region,Polytechnic University of the Philippines-Taguig,SUC,Metro Manila,City of Taguig,http://www.pup.edu.ph,(02) 837-5858; (02) 837-5859; (02) 837-5860 ; (02) 837-5859
13 - Nat. Capital Region,World Citi Colleges-Quezon City,Private,Metro Manila,Quezon City,worldciti.edu.ph,(02) 89138380 ;
13 - Nat. Capital Region,Makati Medical Center College,Private,Metro Manila,City of Makati,,02-8705-1467 ;
13 - Nat. Capital Region,Republican College,Private,Metro Manila,Quezon City,https://sjc.phinma.edu.ph/,02-9121286 ; 02-9125579
13 - Nat. Capital Region,Rizal Technological University,SUC,Metro Manila,City of Mandaluyong,http://www.rtu.edu.ph,(02) 8534 8267 ; (02) 8534 9710
13 - Nat. Capital Region,Roosevelt College-Marikina,Private,Metro Manila,City of Marikina,http://www.feuroosevelt.edu.ph,(02) 8941-3465 ;
13 - Nat. Capital Region,Saint Francis of Assisi College,Private,Metro Manila,City of Las Piñas,http://www.stfrancis.edu.ph,(02) 800-4507 ; (02) 805-8014
13 - Nat. Capital Region,St. Joseph's College of Quezon City,Private,Metro Manila,Quezon City,http://www.sjcqc.edu.ph,70041979 ;
13 - Nat. Capital Region,St. Jude College,Private,Metro Manila,City of Manila,https://sjc.phinma.edu.ph/,
13 - Nat. Capital Region,St. Paul University-Manila,Private,Metro Manila,City of Manila,http://www.spumanila.edu.ph,(02)85245687 ;
13 - Nat. Capital Region,St. Paul University-Quezon City,Private,Metro Manila,Quezon City,http://www.spuqc.edu.ph,(02)726-7986 (02)726-7987. (02)726-7988 ; (02)726-0552
13 - Nat. Capital Region,Saint Rita College-Manila,Private,Metro Manila,City of Manila,http://www.srcm.edu.ph,(02)-8-6424-058 ;
13 - Nat. Capital Region,St. Scholastica's College,Private,Metro Manila,City of Manila,http://www.ssc.edu.ph,(632) 8567-7686 ;
13 - Nat. Capital Region,Samson College of Science and Technology-Quezon City,Private,Metro Manila,Quezon City,http://www.samson.edu.ph,(02) 8721-41-29 ; (02) 8723-16-48
13 - Nat. Capital Region,San Beda University,Private,Metro Manila,City of Manila,http://www.sanbeda.edu.ph,8-726-2332 ; (0063) 2-8735-5994
13 - Nat. Capital Region,San Carlos Seminary,Private,Metro Manila,City of Makati,http://www.scs.edu.ph,289000000 ; 289000000
13 - Nat. Capital Region,San Juan de Dios Educational Foundation,Private,Metro Manila,Pasay City,https://sjdefi.edu.ph/,(02) 551-2763 ; (02) 551-9214
13 - Nat. Capital Region,San Sebastian College-Recoletos,Private,Metro Manila,City of Manila,http://www.sscrmnl.edu.ph,(02) 87348931 to 39 ; (02) 87348918
13 - Nat. Capital Region,Santa Isabel College of Manila,Private,Metro Manila,City of Manila,http://www.santaisabel.edu.ph,(02) 525-94-16 to 19 ; (02) 524-73-40
13 - Nat. Capital Region,Siena College,Private,Metro Manila,Quezon City,scqc.edu.ph,(02)77449431 ;
13 - Nat. Capital Region,Southeastern College,Private,Metro Manila,Pasay City,http://www.southeastern.com.ph,02-8831-8484 ; 02-8831-7532
13 - Nat. Capital Region,St. Luke's College of Medicine-William H. Quasha Memorial,Private,Metro Manila,Quezon City,https://slmc-cm.edu.ph,02-87230101 loc. 3808 ; 02-87277610
13 - Nat. Capital Region,Stella Maris College,Private,Metro Manila,Quezon City,,(02) 8912-4085 ; (02)8912-4210
13 - Nat. Capital Region,Systems Plus Computer College-Quezon City,Private,Metro Manila,Quezon City,,86544236 ;
13 - Nat. Capital Region,Technological Institute of the Philippines-Manila,Private,Metro Manila,City of Manila,http://www.tip.edu.ph,(02) 736-42-08 (02) 733-9117 ; (02) 913-8084 (02) 736-4208
13 - Nat. Capital Region,Technological Institute of the Philippines-Quezon City,Private,Metro Manila,Quezon City,http://www.tip.edu.ph,02-8912-1539 ; 02-8912-1539
13 - Nat. Capital Region,Technological University of the Philippines-Manila,SUC,Metro Manila,City of Manila,http://www.tup.edu.ph,632-5301-3001 ; 632-8521-4063
13 - Nat. Capital Region,Trinity University of Asia,Private,Metro Manila,Quezon City,http://www.tua.edu.ph,(02) 87022882 ;
13 - Nat. Capital Region,Technological University of the Philippines-Taguig,SUC,Metro Manila,City of Taguig,https://tup.edu.ph/,(02) 5301-3001 ; (02) 8523-2293
13 - Nat. Capital Region,Unciano Colleges and General Hospital,Private,Metro Manila,City of Manila,,(02)-8 714-39-77 ; Mobil No. 09171272179
13 - Nat. Capital Region,Southeast Asian College,Private,Metro Manila,Quezon City,http://www.saci.edu.ph,
13 - Nat. Capital Region,University of the East-Ramon Magsaysay Memorial Medical Center,Private,Metro Manila,Quezon City,http://www.uerm.edu.ph,(632) 8713-33-15/8715 0861 ; (632) 8713-33-15
13 - Nat. Capital Region,The University of Manila,Private,Metro Manila,City of Manila,http://www.univman.ed.ph,(02) 735-50-98; 735-50-85;735-50-84 ; 735-50-94
13 - Nat. Capital Region,University of Santo Tomas,Private,Metro Manila,City of Manila,http://www.ust.edu.ph,(63-2) 7315709 ; (63-2) 7861734
13 - Nat. Capital Region,University of the East-Manila,Private,Metro Manila,City of Manila,http://www.ue.edu.ph,(02)-87355471 ; (02)-87356972
13 - Nat. Capital Region,University of the East-Caloocan,Private,Metro Manila,City of Caloocan,http://www.ue.edu.ph,(02) 8364-2396; (02) 8361-1398 ; (02) 8364-2659
13 - Nat. Capital Region,University of the Philippines-Diliman,SUC,Metro Manila,Quezon City,https://upd.edu.ph/,63289818500 local 2556 ;
13 - Nat. Capital Region,University of the Philippines-Manila,SUC,Metro Manila,City of Manila,http://www.upm.edu.ph/,(632) 8814-1203 to 205 ;
13 - Nat. Capital Region,Angelicum College,Private,Metro Manila,City of Manila,http://www.ustangelicum.edu.ph/,02 87121745 ; 02 87121745
13 - Nat. Capital Region,Universidad de Manila,LUC,Metro Manila,City of Manila,,02-83366582 ; 02-83366564
13 - Nat. Capital Region,Don Bosco Center of Studies,Private,Metro Manila,City of Parañaque,http://www.dbcs.edu.ph,(02)88239483 88233290 88246787 local 101 or 109 ;
13 - Nat. Capital Region,IETI College-Alabang,Private,Metro Manila,City of Muntinlupa,http://www.ieti.edu.ph,(02) 8772-52-90 or '(02) 8850-09-37 ; (02) 8850-09-37
13 - Nat. Capital Region,Our Lady of Perpetual 2cor College,Private,Metro Manila,City of Marikina,http://www.olopsc.edu.ph,(02) 8997-2556 ;
13 - Nat. Capital Region,San Beda College-Alabang,Private,Metro Manila,City of Muntinlupa,http://www.sanbeda-alabang.edu.ph,(02)236-7222 ; 842-3511
13 - Nat. Capital Region,St. Dominic Savio College,Private,Metro Manila,City of Caloocan,http://www.sdsc.edu.ph,(02) 961-5497 / +639566677363 ; (02) 961-5499
13 - Nat. Capital Region,St. John Technological College of the Philippines,Private,Metro Manila,Quezon City,http://www.sjtcp.edu.ph,(8) 937-9956 ; (8) 275-8238
13 - Nat. Capital Region,STI College-Alabang,Private,Metro Manila,City of Muntinlupa,http://www.stialabang.net,(02) 842.0947 / (02) 842.0979 ; (02) 807.7025
13 - Nat. Capital Region,STI College-Cubao,Private,Metro Manila,Quezon City,http://www.sti.edu,02-8421-10-29 local 104/107 ; 02-8421-10-29 local 110
13 - Nat. Capital Region,STI College-Shaw,Private,Metro Manila,City of Manila,stamesa.sti.edu,8635-5954 ; 8635-5954
13 - Nat. Capital Region,STI College-Global City,Private,Metro Manila,City of Taguig,http://www.sti.edu,(02) 551-4984 ; (02) 551-4984 local 5100
13 - Nat. Capital Region,STI College-Caloocan,Private,Metro Manila,City of Caloocan,http://www.sti.edu,(02)8294-4001/8294-4002 ; (02)8294-4001/8294/4002 Loc. 107
13 - Nat. Capital Region,STI College-Muñoz EDSA,Private,Metro Manila,Quezon City,,289000000 ;
13 - Nat. Capital Region,STI College-Novaliches,Private,Metro Manila,Quezon City,http://www.sti.edu,(02) 8930-0050 ; (02) 8930-0050
13 - Nat. Capital Region,STI College-Fairview,Private,Metro Manila,Quezon City,http://www.sti.edu.ph,02-8-5739962 / 02-8-8759249 ;
13 - Nat. Capital Region,STI College Pasay-EDSA,Private,Metro Manila,City of Manila,http://www.sti.edu,8722-5698 ;
13 - Nat. Capital Region,Philippine Rehabilitation Institute Foundation,Private,Metro Manila,Quezon City,http://www.pricolleges.com,(632) 7358-6596 ;
13 - Nat. Capital Region,Immaculada Concepcion College,Private,Metro Manila,City of Caloocan,http://www.immaculada.edu.ph,(02) 8584-5150 ; (02) 8937-5428
13 - Nat. Capital Region,West Bay College,Private,Metro Manila,City of Muntinlupa,http://www.wbc.edu.ph,8-850-2958 ; 850-3027
13 - Nat. Capital Region,System Plus Computer College-Caloocan,Private,Metro Manila,City of Caloocan,http://www.spcc.edu.ph,(632)-8990-3090 ;
13 - Nat. Capital Region,Saint Bernadette College of Alabang,Private,Metro Manila,City of Muntinlupa,http://www.sbca.edu.ph,(02) 8842-2139 / 8850-5709 / 0917-6367332 ;
13 - Nat. Capital Region,Children of Mary Immaculate College,Private,Metro Manila,City of Caloocan,,
13 - Nat. Capital Region,Informatics College-Manila,Private,Metro Manila,City of Manila,http://www.informatics.edu.ph,(02)-488-33-58 ; (02)-488-30-33
13 - Nat. Capital Region,The Fisher Valley College,Private,Metro Manila,City of Taguig,http://www.acocities.com/tfvccollegedepartment,(02) 837.4261 (02) 293.1903 ; (02) 837.4261
13 - Nat. Capital Region,La Consolacion College-Novaliches,Private,Metro Manila,City of Caloocan,,(02) 82871013 ; (02) 82871013
13 - Nat. Capital Region,National Defense College,OGS,Metro Manila,Quezon City,http://www.ndcp.edu.ph,63 2 8841890 local 8001 ;
13 - Nat. Capital Region,Philippine Public Safety College,OGS,Metro Manila,,,
13 - Nat. Capital Region,ABE International College of Business and Economics-Manila,Private,Metro Manila,City of Manila,,
13 - Nat. Capital Region,AMA Computer College-Caloocan,Private,Metro Manila,City of Caloocan,amaes.edu.ph,
13 - Nat. Capital Region,AMA Computer College-Fairview,Private,Metro Manila,Quezon City,http://www.amaes.edu.ph,(02) 921-57-81 ; (02) 921-11-15
13 - Nat. Capital Region,AMA Computer College-Parañaque,Private,Metro Manila,City of Parañaque,http://www.amaes.edu.ph,9160000000 ;
13 - Nat. Capital Region,AMA Computer College-Sta. Mesa,Private,Metro Manila,City of Manila,,
13 - Nat. Capital Region,Divine Mercy College Foundation,Private,Metro Manila,City of Caloocan,,(02) 361-1922 / 366-6922 ;
13 - Nat. Capital Region,Interface Computer College-Caloocan,Private,Metro Manila,City of Caloocan,http://www.interface.edu.ph,(02) 8366-7271 ;
13 - Nat. Capital Region,Our Lady of Fatima University-Quezon City,Private,Metro Manila,Quezon City,http://www.fatima.edu.ph,(02) 8935-2947 (02) 84191288 local 12 ; (02) 935-2947 local 23
13 - Nat. Capital Region,Our Lady of Lourdes Technological College,Private,Metro Manila,Quezon City,,7-508-5176 ;
13 - Nat. Capital Region,St. Clare College of Caloocan,Private,Metro Manila,City of Caloocan,stclarecollege.com,(02)2324483 ;
13 - Nat. Capital Region,STI College-Las Piñas,Private,Metro Manila,City of Las Piñas,http://www.sti.edu,02-8718327 ; 02-8719437
13 - Nat. Capital Region,Dr. Filemon C. Aguilar Memorial College of Las Piñas,LUC,Metro Manila,City of Las Piñas,http://www.dfcamclp.edu.ph,(02) 8403-19-85 ; (02) 8403-19-86
13 - Nat. Capital Region,Asia Graduate School of Theology,Private,Metro Manila,Quezon City,http://www.agstphil.org,(02) 86681906 ;
13 - Nat. Capital Region,AMA Computer College-Las Piñas,Private,Metro Manila,City of Las Piñas,http://www.amaes.edu.ph,
13 - Nat. Capital Region,AMA Computer College-Pasig City,Private,Metro Manila,City of Pasig,http://www.amaes.edu.ph,
13 - Nat. Capital Region,Pamantasan ng Lungsod ng Pasig,LUC,Metro Manila,City of Pasig,http://www.pasigcity.gov.ph,628-1014/628-1013 ; 642-4100
13 - Nat. Capital Region,Wesleyan College of Manila,Private,Metro Manila,Pasay City,http://www.wesleyanmanila.edu.ph,(632)5310-41-31 to 35 ; (632)5310-41-31
13 - Nat. Capital Region,Loral Douglas Woosley Bethany Colleges,Private,Metro Manila,City of Makati,,(02) 8334576 loc 114; (02) 8334577 loc 114 ;
13 - Nat. Capital Region,STI College-Marikina,Private,Metro Manila,City of Marikina,http://www.sti.edu,8-942-33-07 ;
13 - Nat. Capital Region,IETI College of Science and Technology-Marikina,Private,Metro Manila,City of Marikina,http://www.ieti.edu.ph,287000000 ; 287000000
13 - Nat. Capital Region,Manila Business College Foundation,Private,Metro Manila,City of Manila,http://www.mbc.edu.ph,8-741-34-89 ; 5-313-8253
13 - Nat. Capital Region,Access Computer and Technical Colleges-Manila,Private,Metro Manila,City of Manila,access.edu.ph,
13 - Nat. Capital Region,Criminal Justice College,Private,Metro Manila,City of Muntinlupa,,(632) 8862-5392 ; (632) 8862-5392
13 - Nat. Capital Region,Entrepreneurs School of Asia,Private,Metro Manila,Quezon City,http://www.thames.edu.ph,63300000000 ;
13 - Nat. Capital Region,St. Mary's College,Private,Metro Manila,Quezon City,http://www.smciqc.edu.ph,(02) 83736847 - 49 ;
13 - Nat. Capital Region,ABE International College of Business and Accountancy-Cubao,Private,Metro Manila,Quezon City,abe.edu.ph,
13 - Nat. Capital Region,ABE International College of Business and Economics-Las Piñas,Private,Metro Manila,City of Las Piñas,http://www.amaes.edu.ph,
13 - Nat. Capital Region,Development Academy of the Philippines,OGS,Metro Manila,City of Pasig,http://www.dap.edu.ph,(632) 631-0921 to 30 local 175 and 177 ; (632) 631-2167
13 - Nat. Capital Region,National Christian Life College,Private,Metro Manila,City of Marikina,http://www.freewebs.com/nclcmarikina,8661-3794 ;
13 - Nat. Capital Region,Global City Innovative College,Private,Metro Manila,City of Makati,http://www.global.edu.ph,(02) 8882-4242 ; (02) 8882-8858
13 - Nat. Capital Region,Southville International School and Colleges,Private,Metro Manila,City of Las Piñas,http://www.southville.edu.ph,(02) 8825-2358 / (02) 8825-6374 / (02) 8820-8703 / (02) 8820-0935 / (02) 8825-6284 ; (02) 829-1675 / (02) 820-8259 / (02) 820-5161 / (02) 820-8715 / (02) 820-8714 / (02) 825-0766
13 - Nat. Capital Region,Information and Communications Technology Academy,Private,Metro Manila,City of Makati,http://www.iacademy.edu.ph,(632)8889-5555 ; (632)8891-3727
13 - Nat. Capital Region,Our Lady of Guadalupe Colleges,Private,Metro Manila,City of Mandaluyong,http://www.olgc.edu.ph,(63 2) 535-5885 to 86 ; (63 2) 535-5885 to 86 loc 108
13 - Nat. Capital Region,Access Computer and Technical Colleges-Cubao,Private,Metro Manila,Quezon City,http://www.access.edu.ph,
13 - Nat. Capital Region,Immaculate Heart of Mary College-Parañaque,Private,Metro Manila,City of Parañaque,http://www.ihmc-p.edu.ph,8823-4109 ; 823-5628
13 - Nat. Capital Region,Polytechnic University of the Philippines-Quezon City Campus,SUC,Metro Manila,Quezon City,http://www.pup.edu.ph,(02) 287-8204 ;
13 - Nat. Capital Region,Lyceum of Alabang,Private,Metro Manila,City of Muntinlupa,http://www.lyceumalabang.edu.ph,(02)856-9323/856-9324 ; (02)856-9323
13 - Nat. Capital Region,Rogationist Seminary College of Philosophy,Private,Metro Manila,City of Parañaque,rcj.ph,(02) 841-6500 ; (02) 828-3422
13 - Nat. Capital Region,La Consolacion College-Pasig,Private,Metro Manila,City of Pasig,lccpasig.edu.ph,
13 - Nat. Capital Region,Gardner College Diliman,Private,Metro Manila,Quezon City,http://www.gardner.edu.ph,028 9262948 ; 028 9262948
13 - Nat. Capital Region,ABE International Business College-Caloocan City,Private,Metro Manila,City of Caloocan,abe.edu.ph,
13 - Nat. Capital Region,WCC Aeronautical & Technological College-North Manila,Private,Metro Manila,City of Caloocan,http://www.worldciti.edu.ph,(8) 363-8079 ; (8) 363-8079
13 - Nat. Capital Region,Informatics College-Northgate,Private,Metro Manila,City of Muntinlupa,http://www.informatics .edu.ph,(02) 772-2474 ; (02) 772-2476
13 - Nat. Capital Region,Pamantasan ng Lungsod ng Valenzuela,LUC,Metro Manila,City of Valenzuela,http://www.plv.edu.ph,632 8352 7000 ;
13 - Nat. Capital Region,Marie-Bernarde College,Private,Metro Manila,Quezon City,http://www.mariebernardecollege.edu.ph,9170000000 ;
13 - Nat. Capital Region,Mary the Queen College of Quezon City,Private,Metro Manila,Quezon City,,02-8930-4133 ;
13 - Nat. Capital Region,St. Bernadette of Lourdes College,Private,Metro Manila,Quezon City,,700-429-49 ;
13 - Nat. Capital Region,Flight School International,Private,Metro Manila,City of Parañaque,http://www.flightschoolinternational.com / https://flightschoolinternational.godaddysites.com/,63-9171866909 / 02-79057672 ;
13 - Nat. Capital Region,Capitol Medical Center Colleges,Private,Metro Manila,Quezon City,,(632) 86710614 ;
13 - Nat. Capital Region,New England College,Private,Metro Manila,Quezon City,http://www.nec.edu.ph,(02) 7239 4051 ;
13 - Nat. Capital Region,Universal Colleges of Parañaque,Private,Metro Manila,City of Parañaque,http://www.ucp.edu.ph,(02) 8820-2222 ;
13 - Nat. Capital Region,Quezon City University,LUC,Metro Manila,Quezon City,http://www.qcu.edu.ph,(632)8806-3324 ;
13 - Nat. Capital Region,Pamantasan ng Lungsod ng Marikina,LUC,Metro Manila,City of Marikina,http://www.plmar.edu.ph,(02) 7369-72-77/ (02) 7358-81-73 ; (02) 7369-72-77
13 - Nat. Capital Region,Valenzuela City Polytechnic College,LUC,Metro Manila,City of Valenzuela,valpoly.edu.ph,(02) 8-292-0775 ; (02) 8-293-0480
13 - Nat. Capital Region,South Mansfield College,Private,Metro Manila,City of Muntinlupa,smc@smc.edu.ph,(02) - 8862-3036; (02) - 8835-7069 ;
13 - Nat. Capital Region,St. John of Beverly School,Private,Metro Manila,Quezon City,,
13 - Nat. Capital Region,Jesus Reigns Christian College Foundation,Private,Metro Manila,City of Manila,,(632) 83736900 ; (632) 84003819
13 - Nat. Capital Region,Villagers Montessori College,Private,Metro Manila,Quezon City,http://www.vmc.edu.ph,(+632)89262431 ; (+632)89290857
13 - Nat. Capital Region,AMA School of Medicine,Private,Metro Manila,City of Makati,https://amaschoolofmedicine.amaes.edu.ph/,
13 - Nat. Capital Region,Enderun Colleges,Private,Metro Manila,City of Taguig,http://www.enderuncolleges.com,
13 - Nat. Capital Region,Pateros Technological College,LUC,Metro Manila,Pateros,http://paterostechnologicalcollege.edu.ph,8428-8370 loc 306 ;
13 - Nat. Capital Region,Messiah College Foundation,Private,Metro Manila,City of Pasig,http://www.messiahcollege.edu.ph,(028) 4205302 ;
13 - Nat. Capital Region,National Polytechnic College of Science and Technology,Private,Metro Manila,Quezon City,,(02) 8925-3176 ;
13 - Nat. Capital Region,Lady of Lourdes Hospital & Colleges of Caybiga,Private,Metro Manila,City of Caloocan,,(02) 71499132 ;
13 - Nat. Capital Region,College of St. Catherine,Private,Metro Manila,Quezon City,http://www.cscqc.edu.ph,23304883 ; 23303620
13 - Nat. Capital Region,Grace Christian College,Private,Metro Manila,Quezon City,http://www.gcc.edu.ph,02-83647435 ; 02-83641971
13 - Nat. Capital Region,Taguig City University,LUC,Metro Manila,City of Taguig,tcu.edu.ph,2-635-8300 ;
13 - Nat. Capital Region,Centro Escolar University-Makati,Private,Metro Manila,City of Makati,http://www.ceu.edu.ph,(02) 735-68-61 to 69 ; (02) 735-59-91
13 - Nat. Capital Region,Philippine Cultural College,Private,Metro Manila,Quezon City,http://www.philippineculturalcollege.edu.ph,(02)82415522 ;
13 - Nat. Capital Region,Diliman College,Private,Metro Manila,Quezon City,http://www.thedilimancollege.edu.ph,02-89310728; 02-89311089; 02-89310731 loc 824; 870 ; 02-89310728; 02-89310731 loc 825
13 - Nat. Capital Region,Colegio de Sta. Teresa de Avila Foundation,Private,Metro Manila,Quezon City,,8-275-3916 ;
13 - Nat. Capital Region,The One Nation Entrepreneur School,Private,Metro Manila,City of Makati,https://lifeacademy.edu.ph/college/,0917 169 8975 ;
13 - Nat. Capital Region,Bestlink College of the Philippines,Private,Metro Manila,Quezon City,bcp-inquiry-@bcp.edu.ph,8-442-8601 ;
13 - Nat. Capital Region,Global Reciprocal Colleges,Private,Metro Manila,City of Caloocan,grc.edu.ph,(02)361-63-30 ; (02)361-63-30
13 - Nat. Capital Region,Golden Link College Foundation,Private,Metro Manila,Quezon City,http://www.theosophy.ph/goldenlinkcollege.html,(+632) 8961-58-36 ;
13 - Nat. Capital Region,Pacific InterContinental College,Private,Metro Manila,City of Las Piñas,http://www.pic.edu.ph,02-8478-7710 ; 02-8478-7710
13 - Nat. Capital Region,Asian Institute of Computer Studies-Quezon City,Private,Metro Manila,Quezon City,http://www.aics.edu.ph,02 8952-0308 ; 02 3430-4651
13 - Nat. Capital Region,Far Eastern University-Makati,Private,Metro Manila,,,
13 - Nat. Capital Region,Infotech College of Arts and Sciences Philippines,Private,Metro Manila,City of Marikina,,(02)8641-7104 ;
13 - Nat. Capital Region,Treston International College,Private,Metro Manila,City of Taguig,http://www.treston.edu.ph,(632) 84597400 ;
13 - Nat. Capital Region,Access Computer and Technical Colleges-Lagro,Private,Metro Manila,Quezon City,http://www.access.edu.ph,0908-8130719 ;
13 - Nat. Capital Region,UBIX Institute of Technologies,Private,Metro Manila,City of Muntinlupa,https://ubixcollegesinc.edu.ph/,8501645 ; 8501517
13 - Nat. Capital Region,College of Divine Wisdom,Private,Metro Manila,City of Parañaque,"http://www.cdweduph.com Facebook-fan page""CDW Dito ako""",
13 - Nat. Capital Region,Meridian International College of Business and Arts,Private,Metro Manila,City of Taguig,http://www.mintcollege.com,(02) 8551-9650 ;
13 - Nat. Capital Region,La Consolacion College-Valenzuela,Private,Metro Manila,City of Valenzuela,,(02) 8294-6089 /(02) 8291-1655 ; (02) 8294-6089 / (02) 8291-1655
13 - Nat. Capital Region,South SEED LPDH College,Private,Metro Manila,City of Las Piñas,https://sslc.edu.ph/,(02) 825-6374/ 820-8702-03 Loc. 122/151 ; (02) 820-2537
13 - Nat. Capital Region,Bethel Bible College of the Assemblies of God,Private,Metro Manila,City of Valenzuela,,02-82516756 ;
13 - Nat. Capital Region,Christ the King College of Science and Technology,Private,Metro Manila,City of Muntinlupa,ckcst.edu.ph,8875-7124 ;
13 - Nat. Capital Region,Colegio de San Gabriel Archangel of Caloocan,Private,Metro Manila,City of Caloocan,http://www.esgacosga.com,(02) 785 6950 ;
13 - Nat. Capital Region,St. Vincent de Ferrer College of Camarin,Private,Metro Manila,City of Caloocan,svfc.com.ph,8-524-0350 ;
13 - Nat. Capital Region,Datamex College of Saint Adeline-Fairview,Private,Metro Manila,Quezon City,stadeline.edu.ph,8921-8350 ;
13 - Nat. Capital Region,Asian Institute of Computer Studies-Bicutan,Private,Metro Manila,City of Parañaque,http://www.aics.edu.ph,(02) 86551430 ;
13 - Nat. Capital Region,Access Computer and Technical Colleges-Camarin,Private,Metro Manila,City of Caloocan,http://www.accesscomputercollege.com,2 0908-8130662 ;
13 - Nat. Capital Region,Datamex College of Saint Adeline-Valenzuela,Private,Metro Manila,City of Valenzuela,stadeline.edu.ph,8292-75-36 ;
13 - Nat. Capital Region,School of Fashion and the Arts,Private,Metro Manila,City of Makati,https://sofa.edu.ph/,(02)-478 46 11 ; (02) 478 4622 loc 113
13 - Nat. Capital Region,ICI Global University,Private,Metro Manila,City of Pasig,https://iciphilippines.org,(02) 7914-9800 ; (02) 7914-9810
13 - Nat. Capital Region,Southville International School,Private,Metro Manila,City of Las Piñas,http://www.sisfu.edu.ph,8209181 ; 8255147
13 - Nat. Capital Region,St. Therese of the Child Jesus Institute of Arts and Sciences,Private,Metro Manila,Pasay City,,02-8521-7362 ; 02-8521-7362
13 - Nat. Capital Region,Arellano University-Mandaluyong,Private,Metro Manila,City of Mandaluyong,http://www.arellano.edu.ph,5327741 ; 5327741
13 - Nat. Capital Region,La Verdad Christian College-Caloocan,Private,Metro Manila,City of Caloocan,,(02) 8866-5734 ;
13 - Nat. Capital Region,Rizal Technological University-Pasig,SUC,Metro Manila,City of Pasig,,
13 - Nat. Capital Region,Eclaro Academy,Private,Metro Manila,Quezon City,,8253-3859 ;
13 - Nat. Capital Region,Asia Harvesters College and Seminary,Private,Metro Manila,Quezon City,,(02) 952 - 9987 ; (02) 952 - 9987
13 - Nat. Capital Region,Don Carlo Cavina School,Private,Metro Manila,City of Las Piñas,,(02) 8805-0319 ;
13 - Nat. Capital Region,Integrated Innovation and Hospitality Colleges,Private,Metro Manila,Quezon City,,(02) 77549645 ;
13 - Nat. Capital Region,Philippine School of Interior Design- AHLEN Institute,Private,Metro Manila,City of Taguig,https://psidahlen.edu.ph/,(02) 84782499 ; (02) 84782499
13 - Nat. Capital Region,Recoletos School of Theology,Private,Metro Manila,Quezon City,http://www.rst.edu.ph,89512862 ;
13 - Nat. Capital Region,Dr. Jose Fabella Memorial Hospital School of Midwifery,OGS,Metro Manila,City of Manila,fabella.doh.gov.ph,(02) 8866-7960 to 74 Local 149 ;
13 - Nat. Capital Region,CIIT College of Arts and Technology,Private,Metro Manila,Quezon City,ciit.edu.ph,(028)441 0737 ;
13 - Nat. Capital Region,Southeast Asia Christian College,Private,Metro Manila,City of Caloocan,,(02)930-82-60 ;
13 - Nat. Capital Region,Datamex College of Saint Adeline-Parañaque,Private,Metro Manila,City of Parañaque,,70897516 ;
13 - Nat. Capital Region,FEU Institute of Technology,Private,Metro Manila,City of Manila,http://www.feutech.edu.ph,(02) 8281-8888 ; (02) 8835-3312
13 - Nat. Capital Region,Makati Science Technological Institute of the Philippines,Private,Metro Manila,City of Manila,mstip.edu.ph,87270576 ;
13 - Nat. Capital Region,Electron College of Technical Education,Private,Metro Manila,Quezon City,http://www.electroncollege.edu.ph,
13 - Nat. Capital Region,Marianum College,Private,Metro Manila,City of Muntinlupa,,(02) 8526-6704 ;
13 - Nat. Capital Region,Metropolitan Institute of Arts and Sciences,Private,Metro Manila,City of Caloocan,,85329237 ;
13 - Nat. Capital Region,Sapphire International Aviation Academy,Private,Metro Manila,City of Parañaque,http://www.sapphireaviationacademy.edu.ph,02 70913362 ;
13 - Nat. Capital Region,FEU Alabang,Private,Metro Manila,City of Muntinlupa,https://feualabang.edu.ph/,(02) 8288 8338 ;
13 - Nat. Capital Region,GK College of Business Arts and Technology,Private,Metro Manila,City of Mandaluyong,http://www.gkphilippines.com/gk-college,(02) 8280-2772 ;
13 - Nat. Capital Region,NBS College,Private,Metro Manila,Quezon City,http://www.nbscollege.edu.ph/,(63)2 3765090 ; (63)2 3765090
13 - Nat. Capital Region,St. Chamuel College,Private,Metro Manila,City of Taguig,,
13 - Nat. Capital Region,College of Saint Amatiel,Private,Metro Manila,City of Malabon,http://www.facebook.com/CSAMalabonCity?mibextid=LQQJ4d,83514993 ;
13 - Nat. Capital Region,South CompEdge College,Private,Metro Manila,City of Parañaque,,(02) 85540877 ;
13 - Nat. Capital Region,United Christian Academy College of Asia,Private,Metro Manila,City of Parañaque,http://www.ucaphil.online,(02) 84298325 ;
13 - Nat. Capital Region,Colegio de Muntinlupa,LUC,Metro Manila,City of Muntinlupa,http://www.cdm.edu.ph,(8)424-87-80 ;
13 - Nat. Capital Region,Parañaque City College,LUC,Metro Manila,City of Parañaque,,(028)8605470 ;
13 - Nat. Capital Region,ACLC College of Commonwealth,Private,Metro Manila,Quezon City,,77531715 ;
13 - Nat. Capital Region,ACLC College of Manila,Private,Metro Manila,City of Manila,aclcmanila.com,8735-0385 ;
13 - Nat. Capital Region,FEU Diliman,Private,Metro Manila,Quezon City,http://www.feudiliman.edu.ph,(632) 09064076850 ;
13 - Nat. Capital Region,NU Fairview,Private,Metro Manila,Quezon City,https://national-u.edu.ph/nu-fairview,(02) 8401-6760 loc (3308) ;
13 - Nat. Capital Region,St. Francis Technical Institute,Private,Metro Manila,City of Caloocan,,2853297 ;
13 - Nat. Capital Region,Mandaluyong College of Science and Technology,LUC,Metro Manila,City of Mandaluyong,,(+63) 9171539565 ;
13 - Nat. Capital Region,Iglesia ni Cristo (Church of Christ) School for Ministers,Private,Metro Manila,Quezon City,,632-981-4311 ;
