line,station,station_name,address,full_address
MRT-3,North Avenue,MRT-3 North Avenue Station,"North Avenue, Quezon City, Metro Manila","MRT-3 North Avenue Station, North Avenue, Quezon City, Metro Manila"
MRT-3,Quezon Avenue,MRT-3 Quezon Avenue (South Bound) Station,"1103 Epifanio de los Santos Ave, Diliman, Quezon City, 1105 Metro Manila","MRT-3 Quezon Avenue (South Bound) Station, 1103 Epifanio de los Santos Ave, Diliman, Quezon City, 1105 Metro Manila"
MRT-3,GMA–Kamuning,MRT-3 Kamuning Station,"32 Samar Ave, Diliman, Quezon City, 1103 Metro Manila","MRT-3 Kamuning Station, 32 Samar Ave, Diliman, Quezon City, 1103 Metro Manila"
MRT-3,Araneta Center–Cubao,MRT-3 Araneta Center - Cubao Station,"Epifanio de los Santos Ave, Cubao, Quezon City, 1109 Metro Manila","MRT-3 Araneta Center - Cubao Station, Epifanio de los Santos Ave, Cubao, Quezon City, 1109 Metro Manila"
MRT-3,Santolan–Annapolis,Santolan-annapolis,"Epifanio de los Santos Ave, San Juan City, 1502 Metro Manila","Santolan-annapolis, Epifanio de los Santos Ave, San Juan City, 1502 Metro Manila"
MRT-3,Ortigas,MRT-3 Ortigas Station,"Ortigas, Mandaluyong City, Metro Manila","MRT-3 Ortigas Station, Ortigas, Mandaluyong City, Metro Manila"
MRT-3,Shaw Boulevard,MRT-3 Shaw Boulevard Station,"Shaw Boulevard, Mandaluyong City, Metro Manila","MRT-3 Shaw Boulevard Station, Shaw Boulevard, Mandaluyong City, Metro Manila"
MRT-3,Guadalupe,MRT-3 Guadalupe Footbridge,"H29W+28J, Guijo, Makati, Kalakhang Maynila","MRT-3 Guadalupe Footbridge, H29W+28J, Guijo, Makati, Kalakhang Maynila"
MRT-3,Gil Puyat,Buendia MRT,"Makati City, Metro Manila","Buendia MRT, Makati City, Metro Manila"
MRT-3,Ayala,MRT-3 Ayala Avenue Station,"McKinley Rd, Makati City, Metro Manila","MRT-3 Ayala Avenue Station, McKinley Rd, Makati City, Metro Manila"
MRT-3,Magallanes,MRT-3 Magallanes Station,"Epifanio de los Santos Ave, Makati City, Metro Manila","MRT-3 Magallanes Station, Epifanio de los Santos Ave, Makati City, Metro Manila"
MRT-3,Taft Avenue,MRT-3 Taft Avenue Station,"Epifanio de los Santos Ave, Pasay City, 1300 Metro Manila","MRT-3 Taft Avenue Station, Epifanio de los Santos Ave, Pasay City, 1300 Metro Manila"
LRT-1,Fernando Poe Jr.,Roosevelt Station,"1039 Epifanio de los Santos Ave, Bago Bantay, Quezon City, 1105 Metro Manila","Roosevelt Station, 1039 Epifanio de los Santos Ave, Bago Bantay, Quezon City, 1105 Metro Manila"
LRT-1,Balintawak,LRT Line 1 Balintawak,"M243+XFG, Quezon City, Metro Manila","LRT Line 1 Balintawak, M243+XFG, Quezon City, Metro Manila"
LRT-1,Monumento,Monumento LRT Station,"Grace Park West, Caloocan, Metro Manila","Monumento LRT Station, Grace Park West, Caloocan, Metro Manila"
LRT-1,5th Avenue,5th Avenue lrt station,"JXVP+P2X lrt station, 5th Ave, Grace Park East, Caloocan, Metro Manila","5th Avenue lrt station, JXVP+P2X lrt station, 5th Ave, Grace Park East, Caloocan, Metro Manila"
LRT-1,R. Papa,R. Papa Station,"Ricardo Papa St, Santa Cruz, Manila, Metro Manila","R. Papa Station, Ricardo Papa St, Santa Cruz, Manila, Metro Manila"
LRT-1,Abad Santos,Abad Santos LRT Station,"Mt. Samat, Tondo, Manila, Metro Manila","Abad Santos LRT Station, Mt. Samat, Tondo, Manila, Metro Manila"
LRT-1,Blumentritt,Blumentritt LRT Station,"Santa Cruz, Manila, Metro Manila","Blumentritt LRT Station, Santa Cruz, Manila, Metro Manila"
LRT-1,Tayuman,Tayuman LRT Station,"JX8M+J38, R-9, Santa Cruz, Manila, 1008 Metro Manila","Tayuman LRT Station, JX8M+J38, R-9, Santa Cruz, Manila, 1008 Metro Manila"
LRT-1,Bambang,Bambang LRT Station,"Santa Cruz, Manila, Metro Manila","Bambang LRT Station, Santa Cruz, Manila, Metro Manila"
LRT-1,Doroteo Jose,Doroteo Jose LRT Station,"Rizal Ave, Santa Cruz, Manila, 1008 Metro Manila","Doroteo Jose LRT Station, Rizal Ave, Santa Cruz, Manila, 1008 Metro Manila"
LRT-1,Carriedo,Carriedo LRT Station,"Carriedo St, Quiapo, Manila, 1001 Metro Manila","Carriedo LRT Station, Carriedo St, Quiapo, Manila, 1001 Metro Manila"
LRT-1,Central Terminal,Central Terminal LRT Station,"Ermita, Manila, 1000 Metro Manila","Central Terminal LRT Station, Ermita, Manila, 1000 Metro Manila"
LRT-1,UN Avenue,United Nations Station,"Taft Ave, Ermita, Manila, 1000 Metro Manila","United Nations Station, Taft Ave, Ermita, Manila, 1000 Metro Manila"
LRT-1,Pedro Gil,Pedro Gil Station,"Taft Ave, Ermita, Manila, 1000 Metro Manila","Pedro Gil Station, Taft Ave, Ermita, Manila, 1000 Metro Manila"
LRT-1,Quirino,Quirino LRT Station,"Malate, Manila, 1004 Metro Manila","Quirino LRT Station, Malate, Manila, 1004 Metro Manila"
LRT-1,Vito Cruz,Vito Cruz LRT Station,"Malate, Manila, 1004 Metro Manila","Vito Cruz LRT Station, Malate, Manila, 1004 Metro Manila"
LRT-1,Gil Puyat,Gil Puyat LRT Station,"Pasay City, Metro Manila","Gil Puyat LRT Station, Pasay City, Metro Manila"
LRT-1,Libertad,LRT LIBERTAD STATION North Bound,"GXXX+4FQ, Antonio S. Arnaiz Avenue, Taft Ave, Pasay City, Metro Manila","LRT LIBERTAD STATION North Bound, GXXX+4FQ, Antonio S. Arnaiz Avenue, Taft Ave, Pasay City, Metro Manila"
LRT-1,EDSA-Taft,Metro Rail Transit (MRT) / Light Rail Transit (LRT),"EDSA - Pasay Rotonda Foot Bridge, Pasay City, Metro Manila","Metro Rail Transit (MRT) / Light Rail Transit (LRT), EDSA - Pasay Rotonda Foot Bridge, Pasay City, Metro Manila"
LRT-1,Baclaran,LRT 1 Baclaran Station,"Taft Ave Ext, Pasay City, Metro Manila","LRT 1 Baclaran Station, Taft Ave Ext, Pasay City, Metro Manila"
LRT-1,Redemptorist–Aseana,LRT 1 - Redemptorist Aseana Station,"4889 Roxas Blvd, Parañaque, Metro Manila","LRT 1 - Redemptorist Aseana Station, 4889 Roxas Blvd, Parañaque, Metro Manila"
LRT-1,MIA Road,MIA Road LRT Station,"8355 Roxas Blvd, Parañaque, Metro Manila","MIA Road LRT Station, 8355 Roxas Blvd, Parañaque, Metro Manila"
LRT-1,Asia World (PITX),LRT 1 - Asia World (PITX) Station,"102 Kennedy Road, Parañaque, Metro Manila","LRT 1 - Asia World (PITX) Station, 102 Kennedy Road, Parañaque, Metro Manila"
LRT-1,Ninoy Aquino,LRT 1 - Ninoy Aquino Station - Parañaque City NCR,"Ninoy Aquino Ave, Parañaque, Metro Manila","LRT 1 - Ninoy Aquino Station - Parañaque City NCR, Ninoy Aquino Ave, Parañaque, Metro Manila"
LRT-1,Dr. Santos,LRT 1 - Dr. Santos Station - Parañaque City NCR,"FXPQ+4WF, San Dionisio, 1700 Metro Manila","LRT 1 - Dr. Santos Station - Parañaque City NCR, FXPQ+4WF, San Dionisio, 1700 Metro Manila"
LRT-2,Recto,LRT 2 - Recto Station,"1655 Recto Ave, Santa Cruz, Manila, 1003 Metro Manila","LRT 2 - Recto Station, 1655 Recto Ave, Santa Cruz, Manila, 1003 Metro Manila"
LRT-2,Legarda,LRT 2 - Legarda Station - Manila City,"JX2V+82W, Sampaloc, Manila, 1008 Metro Manila","LRT 2 - Legarda Station - Manila City, JX2V+82W, Sampaloc, Manila, 1008 Metro Manila"
LRT-2,Pureza,Pureza Station,"3303 Magsaysay Blvd Sampaloc, Manila 1008 Magsaysay Blvd, Sampaloc, Manila, 1008 Metro Manila","Pureza Station, 3303 Magsaysay Blvd Sampaloc, Manila 1008 Magsaysay Blvd, Sampaloc, Manila, 1008 Metro Manila"
LRT-2,V. Mapa,V. Mapa,"Santa Mesa Blvd, Santa Mesa, Manila, Metro Manila","V. Mapa, Santa Mesa Blvd, Santa Mesa, Manila, Metro Manila"
LRT-2,J. Ruiz,LRT-2 J. Ruiz Station,"San Juan City, Metro Manila","LRT-2 J. Ruiz Station, San Juan City, Metro Manila"
LRT-2,Gilmore,Gilmore Station,"Quezon City, Metro Manila","Gilmore Station, Quezon City, Metro Manila"
LRT-2,Betty Go–Belmonte,LRT 2 - BettyGo Belmonte Station - Quezon City,"768 Aurora Blvd, Quezon City, 1111 Metro Manila","LRT 2 - BettyGo Belmonte Station - Quezon City, 768 Aurora Blvd, Quezon City, 1111 Metro Manila"
LRT-2,Cubao,Cubao LRT-2 Station,"70 Aurora Blvd, Quezon City, 1102 Metro Manila","Cubao LRT-2 Station, 70 Aurora Blvd, Quezon City, 1102 Metro Manila"
LRT-2,Anonas,LRT-2 Anonas Station,"Aurora Blvd, Project 3, Quezon City, Metro Manila","LRT-2 Anonas Station, Aurora Blvd, Project 3, Quezon City, Metro Manila"
LRT-2,Katipunan,LRT 2 - Katipunan Station - Quezon City,"977 Aurora Blvd, Project 3, Quezon City, 1109 Metro Manila","LRT 2 - Katipunan Station - Quezon City, 977 Aurora Blvd, Project 3, Quezon City, 1109 Metro Manila"
LRT-2,Santolan,BPI LRT 2 Santolan Station ATM,"LRT Santolan Station, Quezon City, Quezon City, Metro Manila","BPI LRT 2 Santolan Station ATM, LRT Santolan Station, Quezon City, Quezon City, Metro Manila"
LRT-2,Marikina-Pasig,LRT 2 - Marikina–Pasig Station,"1800 Marikina-Infanta Hwy, Marikina, 1800 Metro Manila","LRT 2 - Marikina–Pasig Station, 1800 Marikina-Infanta Hwy, Marikina, 1800 Metro Manila"
LRT-2,Antipolo,SM City Masinag,"SM City, Infanta Hwy, Masinag, Antipolo City, 1870 Rizal","SM City Masinag, SM City, Infanta Hwy, Masinag, Antipolo City, 1870 Rizal"
PNR,Tutuban,Tutuban Station Parking,"JX6F+98C, Tondo, Manila, Metro Manila","Tutuban Station Parking, JX6F+98C, Tondo, Manila, Metro Manila"
PNR,Blumentritt,PNR Blumentritt Station,"1606 Antipolo St, Santa Cruz, Manila, 1014 Metro Manila","PNR Blumentritt Station, 1606 Antipolo St, Santa Cruz, Manila, 1014 Metro Manila"
PNR,Pandacan,PNR Pandacan Station,"Tomos Claudio, Pandacan, Manila, 1011 Metro Manila","PNR Pandacan Station, Tomos Claudio, Pandacan, Manila, 1011 Metro Manila"
PNR,Paco,Paco PNR Station,"HXHX+QQV, C-2, Paco, Manila, Metro Manila","Paco PNR Station, HXHX+QQV, C-2, Paco, Manila, Metro Manila"
PNR,San Andres,PNR San Andres Station,"Aviadores, San Andres Bukid, Manila, Metro Manila","PNR San Andres Station, Aviadores, San Andres Bukid, Manila, Metro Manila"
PNR,Vito Cruz,PNR Vito Cruz Station,"P.Ocampo St., San Andres, Manila, Metro Manila","PNR Vito Cruz Station, P.Ocampo St., San Andres, Manila, Metro Manila"
