line,station,station_name,address,full_address,cleaned_query,fallback_query,lat,lon,geocode_provider,formatted_address,quality_note
MRT-3,North Avenue,MRT-3 North Avenue Station,"North Avenue, Quezon City, Metro Manila","MRT-3 North Avenue Station, North Avenue, Quezon City, Metro Manila",mrt-3 north avenue station north avenue quezon city metro manila metro manila philippines,,14.65217,121.032333,google,"North Avenue, Quezon City, Metro Manila, Philippines",CLEANED|GEOMETRIC_CENTER
MRT-3,Quezon Avenue,MRT-3 Quezon Avenue (South Bound) Station,"1103 Epifanio de los Santos Ave, Diliman, Quezon City, 1105 Metro Manila","MRT-3 Quezon Avenue (South Bound) Station, 1103 Epifanio de los Santos Ave, Diliman, Quezon City, 1105 Metro Manila",mrt-3 quezon avenue (south bound) station 1103 epifanio de los santos avenue diliman quezon city 1105 metro manila metro manila philippines,,14.6427595,121.0385078,google,"Quezon Avenue, 1103 Epifanio de los Santos Ave, Diliman, Quezon City, Metro Manila, Philippines",CLEANED|ROOFTOP
MRT-3,GMA–Kamuning,MRT-3 Kamuning Station,"32 Samar Ave, Diliman, Quezon City, 1103 Metro Manila","MRT-3 Kamuning Station, 32 Samar Ave, Diliman, Quezon City, 1103 Metro Manila",mrt-3 kamuning station 32 samar avenue diliman quezon city 1103 metro manila metro manila philippines,,14.6352168,121.0433426,google,"GMA Kamuning Station, 32 Samar Ave, Diliman, Quezon City, 1103 Metro Manila, Philippines",CLEANED|ROOFTOP
MRT-3,Araneta Center–Cubao,MRT-3 Araneta Center - Cubao Station,"Epifanio de los Santos Ave, Cubao, Quezon City, 1109 Metro Manila","MRT-3 Araneta Center - Cubao Station, Epifanio de los Santos Ave, Cubao, Quezon City, 1109 Metro Manila",mrt-3 araneta center - cubao station epifanio de los santos avenue cubao quezon city 1109 metro manila metro manila philippines,,14.6194878,121.0511312,google,"Araneta Center - Cubao Station, Epifanio de los Santos Ave, Cubao, Quezon City, 1109 Metro Manila, Philippines",CLEANED|GEOMETRIC_CENTER
MRT-3,Santolan–Annapolis,Santolan-annapolis,"Epifanio de los Santos Ave, San Juan City, 1502 Metro Manila","Santolan-annapolis, Epifanio de los Santos Ave, San Juan City, 1502 Metro Manila",santolan-annapolis epifanio de los santos avenue san juan city 1502 metro manila metro manila philippines,,14.607331,121.05643,google,"Santolan-annapolis, Abenida Epifanio de los Santos, San Juan City, 1502 Kalakhang Maynila, Philippines",CLEANED|GEOMETRIC_CENTER
MRT-3,Ortigas,MRT-3 Ortigas Station,"Ortigas, Mandaluyong City, Metro Manila","MRT-3 Ortigas Station, Ortigas, Mandaluyong City, Metro Manila",mrt-3 ortigas station ortigas mandaluyong city metro manila metro manila philippines,,14.5879522,121.0566509,google,"Ortigas, Mandaluyong City, Metro Manila, Philippines",CLEANED|GEOMETRIC_CENTER
MRT-3,Shaw Boulevard,MRT-3 Shaw Boulevard Station,"Shaw Boulevard, Mandaluyong City, Metro Manila","MRT-3 Shaw Boulevard Station, Shaw Boulevard, Mandaluyong City, Metro Manila",mrt-3 shaw boulevard station shaw boulevard mandaluyong city metro manila metro manila philippines,,14.5812058,121.0535974,google,"Shaw Boulevard, Mandaluyong City, Metro Manila, Philippines",CLEANED|GEOMETRIC_CENTER
MRT-3,Guadalupe,MRT-3 Guadalupe Footbridge,"H29W+28J, Guijo, Makati, Kalakhang Maynila","MRT-3 Guadalupe Footbridge, H29W+28J, Guijo, Makati, Kalakhang Maynila",mrt-3 guadalupe footbridge h29w+28j guijo makati kalakhang maynila metro manila philippines,,14.5675986,121.0457655,google,"H29W+28J, Guijo, Makati, Kalakhang Maynila, Philippines",CLEANED|GEOMETRIC_CENTER
MRT-3,Gil Puyat,Buendia MRT,"Makati City, Metro Manila","Buendia MRT, Makati City, Metro Manila",buendia mrt makati city metro manila metro manila philippines,,14.5544216,121.0343494,google,"Buendia station, Makati City, Metro Manila, Philippines",CLEANED|GEOMETRIC_CENTER
MRT-3,Ayala,MRT-3 Ayala Avenue Station,"McKinley Rd, Makati City, Metro Manila","MRT-3 Ayala Avenue Station, McKinley Rd, Makati City, Metro Manila",mrt-3 ayala avenue station mckinley road makati city metro manila metro manila philippines,,14.5490343,121.0282509,google,"MRT-3 Ayala Avenue Station, McKinley Rd, Makati City, Metro Manila, Philippines",CLEANED|GEOMETRIC_CENTER
MRT-3,Magallanes,MRT-3 Magallanes Station,"Epifanio de los Santos Ave, Makati City, Metro Manila","MRT-3 Magallanes Station, Epifanio de los Santos Ave, Makati City, Metro Manila",mrt-3 magallanes station epifanio de los santos avenue makati city metro manila metro manila philippines,,14.5420229,121.0194852,google,"Magallanes Station, Epifanio de los Santos Ave, Makati City, Metro Manila, Philippines",CLEANED|GEOMETRIC_CENTER
MRT-3,Taft Avenue,MRT-3 Taft Avenue Station,"Epifanio de los Santos Ave, Pasay City, 1300 Metro Manila","MRT-3 Taft Avenue Station, Epifanio de los Santos Ave, Pasay City, 1300 Metro Manila",mrt-3 taft avenue station epifanio de los santos avenue pasay city 1300 metro manila metro manila philippines,,14.537669,121.0021747,google,"Taft Avenue, Epifanio de los Santos Ave, Pasay City, 1300 Metro Manila, Philippines",CLEANED|GEOMETRIC_CENTER
LRT-1,Fernando Poe Jr.,Roosevelt Station,"1039 Epifanio de los Santos Ave, Bago Bantay, Quezon City, 1105 Metro Manila","Roosevelt Station, 1039 Epifanio de los Santos Ave, Bago Bantay, Quezon City, 1105 Metro Manila",roosevelt station 1039 epifanio de los santos avenue bago bantay quezon city 1105 metro manila metro manila philippines,,14.6576046,121.0211008,google,"Roosevelt Station, 1039 Epifanio de los Santos Ave, Bago Bantay, Quezon City, 1105 Metro Manila, Philippines",CLEANED|ROOFTOP
LRT-1,Balintawak,LRT Line 1 Balintawak,"M243+XFG, Quezon City, Metro Manila","LRT Line 1 Balintawak, M243+XFG, Quezon City, Metro Manila",lrt line 1 balintawak m243+xfg quezon city metro manila metro manila philippines,,14.6574273,121.0036967,google,"M243+XFG, Quezon City, Metro Manila, Philippines",CLEANED|GEOMETRIC_CENTER
LRT-1,Monumento,Monumento LRT Station,"Grace Park West, Caloocan, Metro Manila","Monumento LRT Station, Grace Park West, Caloocan, Metro Manila",monumento lrt station grace park west caloocan metro manila metro manila philippines,,14.654367,120.983894,google,"Monumento, Grace Park West, Caloocan, Metro Manila, Philippines",CLEANED|GEOMETRIC_CENTER
LRT-1,5th Avenue,5th Avenue lrt station,"JXVP+P2X lrt station, 5th Ave, Grace Park East, Caloocan, Metro Manila","5th Avenue lrt station, JXVP+P2X lrt station, 5th Ave, Grace Park East, Caloocan, Metro Manila",5th avenue lrt station jxvp+p2x lrt station 5th avenue grace park east caloocan metro manila metro manila philippines,,14.6443626,120.9851002,google,"JXVP+P2X lrt station, 5th Ave, Grace Park East, Caloocan, Metro Manila, Philippines",CLEANED|GEOMETRIC_CENTER
LRT-1,R. Papa,R. Papa Station,"Ricardo Papa St, Santa Cruz, Manila, Metro Manila","R. Papa Station, Ricardo Papa St, Santa Cruz, Manila, Metro Manila",r. papa station ricardo papa street santa cruz manila metro manila metro manila philippines,"R. Papa Station, Ricardo Papa St, Santa Cruz, Manila, Metro Manila, Metro Manila, Philippines",14.636153,120.9823424,google,"R. Papa, Ricardo Papa St, Santa Cruz, Manila, Metro Manila, Philippines",FALLBACK_FULL|GEOMETRIC_CENTER
LRT-1,Abad Santos,Abad Santos LRT Station,"Mt. Samat, Tondo, Manila, Metro Manila","Abad Santos LRT Station, Mt. Samat, Tondo, Manila, Metro Manila",abad santos lrt station mt. samat tondo manila metro manila metro manila philippines,,14.6305858,120.981422,google,"Abad Santos, Mt. Samat, Tondo, Manila, Metro Manila, Philippines",CLEANED|GEOMETRIC_CENTER
LRT-1,Blumentritt,Blumentritt LRT Station,"Santa Cruz, Manila, Metro Manila","Blumentritt LRT Station, Santa Cruz, Manila, Metro Manila",blumentritt lrt station santa cruz manila metro manila metro manila philippines,,14.6227455,120.9835353,google,"Blumentritt station, Santa Cruz, Manila, Metro Manila, Philippines",CLEANED|GEOMETRIC_CENTER
LRT-1,Tayuman,Tayuman LRT Station,"JX8M+J38, R-9, Santa Cruz, Manila, 1008 Metro Manila","Tayuman LRT Station, JX8M+J38, R-9, Santa Cruz, Manila, 1008 Metro Manila",tayuman lrt station jx8m+j38 r-9 santa cruz manila 1008 metro manila metro manila philippines,,14.6165333,120.9827103,google,"JX8M+J38, R-9, Santa Cruz, Manila, 1008 Metro Manila, Philippines",CLEANED|GEOMETRIC_CENTER
LRT-1,Bambang,Bambang LRT Station,"Santa Cruz, Manila, Metro Manila","Bambang LRT Station, Santa Cruz, Manila, Metro Manila",bambang lrt station santa cruz manila metro manila metro manila philippines,,14.6110994,120.9824944,google,"Bambang LRT Station, Santa Cruz, Manila, Metro Manila, Philippines",CLEANED|GEOMETRIC_CENTER
LRT-1,Doroteo Jose,Doroteo Jose LRT Station,"Rizal Ave, Santa Cruz, Manila, 1008 Metro Manila","Doroteo Jose LRT Station, Rizal Ave, Santa Cruz, Manila, 1008 Metro Manila",doroteo jose lrt station rizal avenue santa cruz manila 1008 metro manila metro manila philippines,,14.6053478,120.9819727,google,"Doroteo Jose, Rizal Ave, Santa Cruz, Manila, 1008 Metro Manila, Philippines",CLEANED|GEOMETRIC_CENTER
LRT-1,Carriedo,Carriedo LRT Station,"Carriedo St, Quiapo, Manila, 1001 Metro Manila","Carriedo LRT Station, Carriedo St, Quiapo, Manila, 1001 Metro Manila",carriedo lrt station carriedo street quiapo manila 1001 metro manila metro manila philippines,,14.599,120.98133,google,"Carriedo LRT Station, Carriedo St, Quiapo, Manila, 1001 Metro Manila, Philippines",CLEANED|GEOMETRIC_CENTER
LRT-1,Central Terminal,Central Terminal LRT Station,"Ermita, Manila, 1000 Metro Manila","Central Terminal LRT Station, Ermita, Manila, 1000 Metro Manila",central terminal lrt station ermita manila 1000 metro manila metro manila philippines,,14.592752,120.981633,google,"Central Terminal, Ermita, Manila, 1000 Metro Manila, Philippines",CLEANED|GEOMETRIC_CENTER
LRT-1,UN Avenue,United Nations Station,"Taft Ave, Ermita, Manila, 1000 Metro Manila","United Nations Station, Taft Ave, Ermita, Manila, 1000 Metro Manila",united nations station taft avenue ermita manila 1000 metro manila metro manila philippines,,14.58255,120.984621,google,"United Nations, Taft Ave, Ermita, Manila, 1000 Metro Manila, Philippines",CLEANED|GEOMETRIC_CENTER
LRT-1,Pedro Gil,Pedro Gil Station,"Taft Ave, Ermita, Manila, 1000 Metro Manila","Pedro Gil Station, Taft Ave, Ermita, Manila, 1000 Metro Manila",pedro gil station taft avenue ermita manila 1000 metro manila metro manila philippines,,14.5763209,120.9881877,google,"Pedro Gil station, Ermita, Manila, 1000 Metro Manila, Philippines",CLEANED|GEOMETRIC_CENTER
LRT-1,Quirino,Quirino LRT Station,"Malate, Manila, 1004 Metro Manila","Quirino LRT Station, Malate, Manila, 1004 Metro Manila",quirino lrt station malate manila 1004 metro manila metro manila philippines,,14.5703,120.99156,google,"Quirino Station, Malate, Manila, 1004 Metro Manila, Philippines",CLEANED|GEOMETRIC_CENTER
LRT-1,Vito Cruz,Vito Cruz LRT Station,"Malate, Manila, 1004 Metro Manila","Vito Cruz LRT Station, Malate, Manila, 1004 Metro Manila",vito cruz lrt station malate manila 1004 metro manila metro manila philippines,,14.5633444,120.9948514,google,"Vito Cruz, Malate, Manila, 1004 Metro Manila, Philippines",CLEANED|GEOMETRIC_CENTER
LRT-1,Gil Puyat,Gil Puyat LRT Station,"Pasay City, Metro Manila","Gil Puyat LRT Station, Pasay City, Metro Manila",gil puyat lrt station pasay city metro manila metro manila philippines,,14.5542936,120.9971074,google,"Gil Puyat, Pasay City, Metro Manila, Philippines",CLEANED|GEOMETRIC_CENTER
LRT-1,Libertad,LRT LIBERTAD STATION North Bound,"GXXX+4FQ, Antonio S. Arnaiz Avenue, Taft Ave, Pasay City, Metro Manila","LRT LIBERTAD STATION North Bound, GXXX+4FQ, Antonio S. Arnaiz Avenue, Taft Ave, Pasay City, Metro Manila",lrt libertad station north bound gxxx+4fq antonio s. arnaiz avenue taft avenue pasay city metro manila metro manila philippines,"LRT LIBERTAD STATION North Bound, GXXX+4FQ, Antonio S. Arnaiz Avenue, Taft Ave, Pasay City, Metro Manila, Metro Manila, Philippines",14.5478352,120.9987295,google,"Antonio S. Arnaiz Avenue, GXXX+4FQ, Taft Ave, Pasay City, Metro Manila, Philippines",FALLBACK_FULL|GEOMETRIC_CENTER
LRT-1,EDSA-Taft,Metro Rail Transit (MRT) / Light Rail Transit (LRT),"EDSA - Pasay Rotonda Foot Bridge, Pasay City, Metro Manila","Metro Rail Transit (MRT) / Light Rail Transit (LRT), EDSA - Pasay Rotonda Foot Bridge, Pasay City, Metro Manila",metro rail transit (mrt) light rail transit (lrt) edsa - pasay rotonda foot bridge pasay city metro manila metro manila philippines,,14.5379345,121.0006204,google,"EDSA - Pasay Rotonda Foot Bridge, Pasay City, Metro Manila, Philippines",CLEANED|GEOMETRIC_CENTER
LRT-1,Baclaran,LRT 1 Baclaran Station,"Taft Ave Ext, Pasay City, Metro Manila","LRT 1 Baclaran Station, Taft Ave Ext, Pasay City, Metro Manila",lrt 1 baclaran station taft avenue ext pasay city metro manila metro manila philippines,,14.5342314,120.99835,google,"Baclaran, Taft Ave Ext, Pasay City, Metro Manila, Philippines",CLEANED|GEOMETRIC_CENTER
LRT-1,Redemptorist–Aseana,LRT 1 - Redemptorist Aseana Station,"4889 Roxas Blvd, Parañaque, Metro Manila","LRT 1 - Redemptorist Aseana Station, 4889 Roxas Blvd, Parañaque, Metro Manila",lrt 1 - redemptorist aseana station 4889 roxas boulevard paranaque metro manila metro manila philippines,,14.5302126,120.9928225,google,"4889 Roxas Blvd, Parañaque, Metro Manila, Philippines",CLEANED|ROOFTOP
LRT-1,MIA Road,MIA Road LRT Station,"8355 Roxas Blvd, Parañaque, Metro Manila","MIA Road LRT Station, 8355 Roxas Blvd, Parañaque, Metro Manila",mia road lrt station 8355 roxas boulevard paranaque metro manila metro manila philippines,,14.5180813,120.9930194,google,"8355 Roxas Blvd, Parañaque, Metro Manila, Philippines",CLEANED|ROOFTOP
LRT-1,Asia World (PITX),LRT 1 - Asia World (PITX) Station,"102 Kennedy Road, Parañaque, Metro Manila","LRT 1 - Asia World (PITX) Station, 102 Kennedy Road, Parañaque, Metro Manila",lrt 1 - asia world (pitx) station 102 kennedy road paranaque metro manila metro manila philippines,,14.5083465,120.9911699,google,"102 Kennedy Road, Parañaque, Metro Manila, Philippines",CLEANED|ROOFTOP
LRT-1,Ninoy Aquino,LRT 1 - Ninoy Aquino Station - Parañaque City NCR,"Ninoy Aquino Ave, Parañaque, Metro Manila","LRT 1 - Ninoy Aquino Station - Parañaque City NCR, Ninoy Aquino Ave, Parañaque, Metro Manila",lrt 1 - ninoy aquino station - paranaque city ncr ninoy aquino avenue paranaque metro manila metro manila philippines,,14.4990087,120.994282,google,"Ninoy Aquino Ave, Parañaque, Metro Manila, Philippines",CLEANED|GEOMETRIC_CENTER
LRT-1,Dr. Santos,LRT 1 - Dr. Santos Station - Parañaque City NCR,"FXPQ+4WF, San Dionisio, 1700 Metro Manila","LRT 1 - Dr. Santos Station - Parañaque City NCR, FXPQ+4WF, San Dionisio, 1700 Metro Manila",lrt 1 - dr. santos station - paranaque city ncr fxpq+4wf san dionisio 1700 metro manila metro manila philippines,,14.485318,120.9897984,google,"FXPQ+4WF, San Dionisio, 1700 Metro Manila, Philippines",CLEANED|GEOMETRIC_CENTER
LRT-2,Recto,LRT 2 - Recto Station,"1655 Recto Ave, Santa Cruz, Manila, 1003 Metro Manila","LRT 2 - Recto Station, 1655 Recto Ave, Santa Cruz, Manila, 1003 Metro Manila",lrt 2 - recto station 1655 recto avenue santa cruz manila 1003 metro manila metro manila philippines,,14.603515,120.9830741,google,"1655 Recto Ave, Santa Cruz, Manila, 1003 Metro Manila, Philippines",CLEANED|ROOFTOP
LRT-2,Legarda,LRT 2 - Legarda Station - Manila City,"JX2V+82W, Sampaloc, Manila, 1008 Metro Manila","LRT 2 - Legarda Station - Manila City, JX2V+82W, Sampaloc, Manila, 1008 Metro Manila",lrt 2 - legarda station - manila city jx2v+82w sampaloc manila 1008 metro manila metro manila philippines,,14.6008706,120.992565,google,"JX2V+82W, Sampaloc, Manila, 1008 Metro Manila, Philippines",CLEANED|GEOMETRIC_CENTER
LRT-2,Pureza,Pureza Station,"3303 Magsaysay Blvd Sampaloc, Manila 1008 Magsaysay Blvd, Sampaloc, Manila, 1008 Metro Manila","Pureza Station, 3303 Magsaysay Blvd Sampaloc, Manila 1008 Magsaysay Blvd, Sampaloc, Manila, 1008 Metro Manila",pureza station 3303 magsaysay boulevard sampaloc manila 1008 magsaysay boulevard sampaloc manila 1008 metro manila metro manila philippines,,14.6017205,121.0051497,google,"3303 Magsaysay Blvd Sampaloc, Manila 1008 Magsaysay Blvd, Sampaloc, Manila, 1008 Metro Manila, Philippines",CLEANED|ROOFTOP
LRT-2,V. Mapa,V. Mapa,"Santa Mesa Blvd, Santa Mesa, Manila, Metro Manila","V. Mapa, Santa Mesa Blvd, Santa Mesa, Manila, Metro Manila",v. mapa santa mesa boulevard santa mesa manila metro manila metro manila philippines,,14.6028763,121.0159447,google,"Victorino Mapa St & Santa Mesa Blvd, Santa Mesa, Manila, Metro Manila, Philippines",CLEANED|GEOMETRIC_CENTER
LRT-2,J. Ruiz,LRT-2 J. Ruiz Station,"San Juan City, Metro Manila","LRT-2 J. Ruiz Station, San Juan City, Metro Manila",lrt-2 j. ruiz station san juan city metro manila metro manila philippines,,14.6105536,121.0262084,google,"J. Ruiz Station, San Juan City, Metro Manila, Philippines",CLEANED|GEOMETRIC_CENTER
LRT-2,Gilmore,Gilmore Station,"Quezon City, Metro Manila","Gilmore Station, Quezon City, Metro Manila",gilmore station quezon city metro manila metro manila philippines,,14.6135308,121.0341755,google,"Gilmore Station, Quezon City, Metro Manila, Philippines",CLEANED|GEOMETRIC_CENTER
LRT-2,Betty Go–Belmonte,LRT 2 - BettyGo Belmonte Station - Quezon City,"768 Aurora Blvd, Quezon City, 1111 Metro Manila","LRT 2 - BettyGo Belmonte Station - Quezon City, 768 Aurora Blvd, Quezon City, 1111 Metro Manila",lrt 2 - bettygo belmonte station - quezon city 768 aurora boulevard quezon city 1111 metro manila metro manila philippines,,14.6185207,121.042706,google,"768 Aurora Blvd, Quezon City, 1111 Metro Manila, Philippines",CLEANED|ROOFTOP
LRT-2,Cubao,Cubao LRT-2 Station,"70 Aurora Blvd, Quezon City, 1102 Metro Manila","Cubao LRT-2 Station, 70 Aurora Blvd, Quezon City, 1102 Metro Manila",cubao lrt-2 station 70 aurora boulevard quezon city 1102 metro manila metro manila philippines,,14.6226856,121.052612,google,"70 Aurora Blvd, Quezon City, 1102 Metro Manila, Philippines",CLEANED|ROOFTOP
LRT-2,Anonas,LRT-2 Anonas Station,"Aurora Blvd, Project 3, Quezon City, Metro Manila","LRT-2 Anonas Station, Aurora Blvd, Project 3, Quezon City, Metro Manila",lrt-2 anonas station aurora boulevard project 3 quezon city metro manila metro manila philippines,,14.6279459,121.0647051,google,"Aurora Blvd, Project 3, Quezon City, Metro Manila, Philippines",CLEANED|GEOMETRIC_CENTER
LRT-2,Katipunan,LRT 2 - Katipunan Station - Quezon City,"977 Aurora Blvd, Project 3, Quezon City, 1109 Metro Manila","LRT 2 - Katipunan Station - Quezon City, 977 Aurora Blvd, Project 3, Quezon City, 1109 Metro Manila",lrt 2 - katipunan station - quezon city 977 aurora boulevard project 3 quezon city 1109 metro manila metro manila philippines,,14.6311071,121.0725019,google,"977 Aurora Blvd, Project 3, Quezon City, 1109 Metro Manila, Philippines",CLEANED|ROOFTOP
LRT-2,Santolan,BPI LRT 2 Santolan Station ATM,"LRT Santolan Station, Quezon City, Quezon City, Metro Manila","BPI LRT 2 Santolan Station ATM, LRT Santolan Station, Quezon City, Quezon City, Metro Manila",bpi lrt 2 santolan station atm lrt santolan station quezon city quezon city metro manila metro manila philippines,,14.62204,121.08604,google,"LRT Santolan Station, Quezon City, Quezon City, 1800 Metro Manila, Philippines",CLEANED|GEOMETRIC_CENTER
LRT-2,Marikina-Pasig,LRT 2 - Marikina–Pasig Station,"1800 Marikina-Infanta Hwy, Marikina, 1800 Metro Manila","LRT 2 - Marikina–Pasig Station, 1800 Marikina-Infanta Hwy, Marikina, 1800 Metro Manila",lrt 2 - marikina–pasig station 1800 marikina-infanta hwy marikina 1800 metro manila metro manila philippines,,14.6203868,121.1002749,google,"1800 Marikina-Infanta Hwy, Marikina, 1800 Metro Manila, Philippines",CLEANED|ROOFTOP
LRT-2,Antipolo,SM City Masinag,"SM City, Infanta Hwy, Masinag, Antipolo City, 1870 Rizal","SM City Masinag, SM City, Infanta Hwy, Masinag, Antipolo City, 1870 Rizal",sm city masinag sm city infanta hwy masinag antipolo city 1870 rizal metro manila philippines,"SM City Masinag, SM City, Infanta Hwy, Masinag, Antipolo City, 1870 Rizal, Metro Manila, Philippines",,,,,
PNR,Tutuban,Tutuban Station Parking,"JX6F+98C, Tondo, Manila, Metro Manila","Tutuban Station Parking, JX6F+98C, Tondo, Manila, Metro Manila",tutuban station parking jx6f+98c tondo manila metro manila metro manila philippines,,14.6109376,120.9732774,google,"JX6F+98C, Tondo, Manila, Metro Manila, Philippines",CLEANED|GEOMETRIC_CENTER
PNR,Blumentritt,PNR Blumentritt Station,"1606 Antipolo St, Santa Cruz, Manila, 1014 Metro Manila","PNR Blumentritt Station, 1606 Antipolo St, Santa Cruz, Manila, 1014 Metro Manila",pnr blumentritt station 1606 antipolo street santa cruz manila 1014 metro manila metro manila philippines,,14.6226051,120.9836182,google,"1606 Antipolo St, Santa Cruz, Manila, 1014 Metro Manila, Philippines",CLEANED|ROOFTOP
PNR,Pandacan,PNR Pandacan Station,"Tomos Claudio, Pandacan, Manila, 1011 Metro Manila","PNR Pandacan Station, Tomos Claudio, Pandacan, Manila, 1011 Metro Manila",pnr pandacan station tomos claudio pandacan manila 1011 metro manila metro manila philippines,,14.59024,121.0088,google,"Pandacan, Tomos Claudio, Pandacan, Manila, 1011 Metro Manila, Philippines",CLEANED|GEOMETRIC_CENTER
PNR,Paco,Paco PNR Station,"HXHX+QQV, C-2, Paco, Manila, Metro Manila","Paco PNR Station, HXHX+QQV, C-2, Paco, Manila, Metro Manila",paco pnr station hxhx+qqv c-2 paco manila metro manila metro manila philippines,,14.579495,120.9994071,google,"HXHX+QQV, C-2, Paco, Manila, Metro Manila, Philippines",CLEANED|GEOMETRIC_CENTER
PNR,San Andres,PNR San Andres Station,"Aviadores, San Andres Bukid, Manila, Metro Manila","PNR San Andres Station, Aviadores, San Andres Bukid, Manila, Metro Manila",pnr san andres station aviadores san andres bukid manila metro manila metro manila philippines,,14.5732462,120.9994465,google,"PNR San Andres Station, Aviadores, San Andres Bukid, Manila, Metro Manila, Philippines",CLEANED|GEOMETRIC_CENTER
PNR,Vito Cruz,PNR Vito Cruz Station,"P.Ocampo St., San Andres, Manila, Metro Manila","PNR Vito Cruz Station, P.Ocampo St., San Andres, Manila, Metro Manila",pnr vito cruz station p.ocampo street. san andres manila metro manila metro manila philippines,,14.5672048,121.0028396,google,"Vito Cruz, P.Ocampo St., San Andres, Manila, Metro Manila, Philippines",CLEANED|GEOMETRIC_CENTER
